{
	//Cache Every Material in-game (For Material Custom)
	//Better leave it as false unless you know what you doing.
	"CacheAllMaterials": false,
	//Make every model act as Shadow
	"ShadowModelCustom": [
		{
			"Enabled": false, //Enable/Disable this Customization Setting
			"DebugName": "Shadow 29/30", //Debug name to use for Console Log. Also good for organize stuffs //NOTE: you can remove this field if you don't like it
			"Target": {
				"Mode": "PersistentID", //PersistentID, NameEquals, NameContains, Everything
				"persistentIDs": [
					29,
					30
				], //PersistentIDs for PersistentID Mode
				"nameParam": "" //NameParameter for NameEquals and NameContains Mode
			},
			"IncludeEggSack": false, //WARNING: Shadow Eggsack is completely Invisible, not even a single shadow!
			"RequireTagForDetection": true
		}
	],
	//Modify the Striker based enemy tentacle Type
	"StrikerTentacleCustom": [
		{
			"Enabled": false,
			"DebugName": "AllStrikerBigTentacle",
			"Target": {
				"Mode": "Everything",
				"persistentIDs": [],
				"nameParam": ""
			},
			"TentacleTypes": [
				"StrikerBig"
				//Possible Value List:
				//None - 0
				//Striker - 1
				//StrikerBig - 2
				//Tank - 3
				//TankDecoration - 4 //CANT HIT PLAYER
				//Static - 5 //CANT HIT PLAYER
				//StaticBig - 6 //CANT HIT PLAYER
				//BioScan - 7 //CANT HIT PLAYER
				//WrapAroundPlayer - 8
				//TankDragMove - 9 //CANT HIT PLAYER
				//Shadow - 10
				//NOTE: If enemy have multiple Tentacles, You can list multiple Types so each of them have different Type
				//Example) "Shadow", "Tank", "Striker" will gives you Tank that shoot three different type of Tentacles
			]
		}
	],
	//Shooter Projectile Firing Custom
	"ShooterFireCustom": [
		{
			"Enabled": true,
			"DebugName": "Hibernate-TwoDistance",
			"Target": {
				"Mode": "PersistentID",
				"persistentIDs": [
					26
				],
				"nameParam": ""
			},
			"FireSettings": [
				{
					"FromDistance": -1.0, //Swap to this FireSetting when target is over this distance
					"ProjectileType": 50,
					//TargetingTiny - 3
					//TargetingSmall - 0
					//TargetingMedium - 1
					//TargetingLarge - 2
					//SemiTargetingQuick - 6
					//InfectionBomb - 7
					//GlueFlying - 4 //DONT
					//GlueLanded - 5 //DONT
					//Or other custom IDs! (check ProjectileDefinitions Section)
					"BurstCount": 2, //How many Projectile should be fired for single attack?
					"BurstDelay": 0.8, //Interval Between firing
					"ShotDelayMin": 0.005, //Min Shot delay for each projectile
					"ShotDelayMax": 0.01, //Max Shot delay for each projectile
					"InitialFireDelay": 0.0,
					"ShotSpreadXMin": -45.0, //Min X degree spread value (Left-Right)
					"ShotSpreadXMax": 45.0, //Max X
					"ShotSpreadYMin": -20.0, //Min Y degree spread value (Up-Down)
					"ShotSpreadYMax": 20.0 // Max Y
				},
				{
					"FromDistance": 9.0, //Swap to this FireSetting when target distance over this value
					"ProjectileType": 51,
					"BurstCount": 15,
					"BurstDelay": 3.0,
					"ShotDelayMin": 0.005,
					"ShotDelayMax": 0.01,
					"InitialFireDelay": 0.0,
					"ShotSpreadXMin": -45.0,
					"ShotSpreadXMax": 45.0,
					"ShotSpreadYMin": -20.0,
					"ShotSpreadYMax": 20.0
				}
			]
		}
	],
	"ProjectileDefinitions": [
		{
			"ID": 50, //Do not overlap with existing one (0~7), It also should be between 0~255 (byte type)
			"BaseProjectile": "TargetingSmall", //It should be from existing projectile
			"Speed": 8.5, //Speed of Projectile, meter/s I guess
			"HomingStrength": 5.0, //How strong it should be Homing to Target?
			"LightColor": {
				"r": 0.8,
				"g": 0.0,
				"b": 0.8,
				"a": 1.0
			},
			"LightRange": 1.0,
			"Damage": 0.1, //DMG on Hit 25 means 100% in default PlayerDataBlock
			"Infection": 0.0 //Add Infection On Hit as percentage (0.1 = 10% 0.25 = 25% and so on)
		},
		{
			"ID": 51, //Less Homing Projectile
			"BaseProjectile": "TargetingSmall",
			"Speed": 6.5,
			"HomingStrength": 1.5,
			"LightColor": {
				"r": 0.0,
				"g": 0.8,
				"b": 0.8,
				"a": 1.0
			},
			"LightRange": 1.0,
			"Damage": 0.5,
			"Infection": 0.0
		}
	],
	//EAB_FogSphere Fog Custom
	"FogSphereCustom": [
		{
			"Enabled": true,
			"DebugName": "BirtherFog_Gradual",
			"Target": {
				"Mode": "PersistentID",
				"persistentIDs": [
					36
				],
				"nameParam": ""
			},
			"ColorMin": {
				"r": 0.0,
				"g": 0.0,
				"b": 0.0,
				"a": 1.0
			},
			"ColorMax": {
				"r": 0.0,
				"g": 0.0,
				"b": 0.0,
				"a": 1.0
			},
			"IntensityMin": 1.0,
			"IntensityMax": 20.0,
			"RangeMin": 5.0, //How far it spread in initial spawn?
			"RangeMax": 120.0, //How far it should be spread?
			"DensityMin": 0.0,
			"DensityMax": 5.0,
			"DensityAmountMin": 0.0,
			"DensityAmountMax": 5.0,
			"Duration": 30.0
		}
	],
	//Material Customization
	"MaterialCustom": [
		{
			"Enabled": true, //Slimy RapidFire Shooter (Head)
			"DebugName": "HybridToChild",
			"Target": {
				"Mode": "NameEquals",
				"persistentIDs": [],
				"nameParam": "Shooter_Big_RapidFire"
			},
			"MaterialSets": [
				{
					//Head Part
					"From": "shooter_RapidFire", //Material Name that enemy originally have
					"To": "mtr_StrikerChild" //Material Name that will be changed to
				},
				{
					//Body Part
					"From": "shooter_wave",
					"To": "mtr_StrikerChild"
				}
			]
		},
		{
			"Enabled": true, //Make Charger Unoiled
			"DebugName": "UnoiledCharger",
			"Target": {
				"Mode": "NameContains",
				"persistentIDs": [],
				"nameParam": "Bullrush"
			},
			"MaterialSets": [
				{
					//Head Part (Kinda works)
					"From": "mtr_striker_bullrush_head",
					"To": "mtr_striker_wave"
				},
				{
					//Body Part
					"From": "mtr_striker_bullrush",
					"To": "mtr_striker_wave"
				}
			]
		},
		{
			"Enabled": true, //Make Every Shooter Oiled, Except Rapid Shooter
			"DebugName": "OiledShooter",
			"Target": {
				"Mode": "PersistentID",
				"persistentIDs": [
					26, //Hibernate
					18, //Big
					11 //Wave
				],
				"nameParam": ""
			},
			"MaterialSets": [
				{
					//Hibernate Shooter
					"From": "shooter_hibernate",
					"To": "mtr_striker_bullrush"
				},
				{
					//Big Shooter
					"From": "shooterBig",
					"To": "mtr_striker_bullrush"
				},
				{
					//Wave Shooter
					"From": "shooter_wave",
					"To": "mtr_striker_bullrush"
				}
			]
		},
		{
			"Enabled": true, //Make Birthers Oiled?
			"DebugName": "OiledBirther",
			"Target": {
				"Mode": "NameContains",
				"persistentIDs": [],
				"nameParam": "Birther_Boss"
			},
			"MaterialSets": [
				{
					"From": "birther",
					"To": "mtr_striker_bullrush"
				}
			]
		}
		/*
		Possible Material List (Only Enemy Materials)
		mtr_head_henk
		birther
		mtr_cocoon
		mtr_dest_arm_shtr
		mtr_dest_chest_sides
		mtr_dest_half_shtr
		mtr_dest_head_1
		mtr_hip_side
		mtr_hips_hole
		mtr_hole_shtr
		mtr_leg_shtr
		scout
		shooter
		shooterBig
		shooter_RapidFire
		shooter_hibernate
		shooter_wave
		mtr_tank
		mtr_gib_meat_trailer
		mtr_striker
		mtr_StrikerChild
		mtr_chest_hole
		mtr_chest_side_fix
		mtr_dest_arm
		mtr_dest_leg
		mtr_half
		mtr_headshot
		mtr_hip
		mtr_stomache_fix
		mtr_striker_bullrush
		mtr_striker_bullrush_head
		mtr_striker_hibernate
		mtr_striker_wave
		striker
		strikerBig
		*/
	],
	//Limb Customization (BodyPart HealthInfo)
	"LimbCustom": [
		{
			"Enabled": true, //Make Birther's head be Weakspot (x10)
			"DebugName": "Birther-MoreLimbs",
			"Target": {
				"Mode": "NameContains",
				"persistentIDs": [],
				"nameParam": "Birther"
			},
			"Limbs": [
				{
					"LimbName": "All", //If you use All for LimbName, it will applied to every bodypart that isn't explicitly wrote
					"LimbType": "Normal",
					//LimbType:
					//Normal - Mark this bodypart as Normal, uses 1.0x multi
					//Weakspot - Mark this bodypart as WeakSpot, uses WeakspotDamageMulti from EnemyDataBlock
					//WeakspotCustom - Mark this bodypart as Weakspot, uses CustomMulti value from this config
					//Armor - Mark this bodypart as Armor, uses ArmorDamageMulti from EnemyDataBlock
					//ArmorCustom - Mark this bodypart as Armor, uses CustomMulti value from this config
					"CustomMulti": 1.0,
					"HealthValueMode": "Rel",
					//HealthValueMode:
					//Rel - Multiply HealthValue to this bodyparts health
					//Abs - Set Bodypart health to HealthValue
					"HealthValue": 1.0
				},
				{
					"LimbName": "Head", //Head, Each body part name can be found in Console Debug Log
					"LimbType": "WeakspotCustom",
					"CustomMulti": 10.0, //Headshot her will now do x10 damage
					"HealthValueMode": "Rel",
					"HealthValue": 1.0
				},
				{
					"LimbName": "EggSack(Clone)",
					"LimbType": "Weakspot", //Set EggSack to use normal Weakspot Multiplier
					"CustomMulti": 1.0,
					"HealthValueMode": "Rel",
					"HealthValue": 1.0
				}
			]
		}
	],
	"BirthingCustom": [
		{
			"Enabled": true, //Make Birther Boss spawn bullrushs!
			"DebugName": "Birthing-Bullrushs",
			"Target": {
				"Mode": "NameContains",
				"persistentIDs": [],
				"nameParam": "Birther_Boss"
			},
			"EnemyGroupToSpawn": 32, //Persistent ID to EnemyGroupDataBlock you want to spawn
			"ChildrenCost": 3.0, //Single Enemy Cost, Check out EnemyPopulationDataBlock for get right value
			"ChildrenPerBirth": 8, //Maximum Number of babies in single spawn.
			"ChildrenPerBirthMin": 4, //At least this count of babies will be spawned. (If this count of babies breaks spawncap, birther won't spawn more)
			"ChildrenMax": 16, //Max Childrens that can be in active at once
			"MinDelayUntilNextBirth": 1.0, //Min Timer for next birth when Birther has spawned not that much babies. (in this case, if it only spawned 4)
			"MaxDelayUntilNextBirth": 14.0 //Max Timer for next birth when Birther has spawned maximum babies it can done in once. (in this case, if it spawned full 8 in once)
		}
	]
}