{
  "BehaviourAbilityCustom": [
    {
      "Enabled": true,
      "DebugName": "EMP Shooter",
      "Target": {
        "Mode": "NameContains",
        "persistentIDs": [],
        "nameParam": "Shooter",
        "nameIgnoreCase": true
      },
      "Abilities": [
        {
          "UpdateInterval": 0.15,
          "ForceExitOnConditionMismatch": false, //Abort Ability when Condition Mismatch
          "AllowedMode": "Combat", //AgentTarget: Allowed AgentModes
          "KeepOnDead": false,
          "AllowWhileAttack": false,
          "DistanceWithLOS": { //Can trigger Ability with having Line-of-sight for target
            "Mode": "UsingDistance", //AlwaysAllow, AlwaysDisallow, UsingDistance
            "Min": 0.0,
            "Max": 20.0
          },
          "DistanceWithoutLOS": { //Can Trigger Ability without having Line-of-sight for target
            "Mode": "AlwaysDisallow",
            "Min": -1.0,
            "Max": -1.0
          },
          "Cooldown": {
            "Enabled": false, //Using Cooldown?
            "InitCooldown": 0, //Can not use ability for time after spawned
            "Cooldown": 5 //Have to wait for this time after ability has used
          },
          "AbilityName": "EMP 30sec" //Each Ability uses different Updater, Use Chain to ensure Activate Multiple Ability at once
        }
      ]
    }
  ],
  "DeathAbilityCustom": [
    {
      "Enabled": true,
      "DebugName": "Exploder!",
      "Target": {
        "Mode": "NameContains",
        "persistentIDs": [],
        "nameParam": "Explode",
        "nameIgnoreCase": true
      },
      "Abilities": [
        {
          "AllowedMode": "Combat", //AgentTarget: Allowed AgentModes
          "Delay": 0.0, //Delay
          "AbilityName": "Explosion-Small"
        }
      ]
    }
  ],
  "Abilities": { //List of Ability
    "Chain": [
      {
        "Abilities": [
          {
            "Delay": 0,
            "AbilityName": "EMP 30sec"
          },
          {
            "Delay": 2.0,
            "AbilityName": "EMP 30sec"
          }
        ],
        "ExitDelay": 0.0,
        "ExitAllInForceExit": true,
        "ForceExitOnHitreact": false,
        "ForceExitOnDead": false,
        "ForceExitOnLimbDestroy": false,
        "Name": "Chained EMP"
      }
    ],
    "FogSphere": [
      {
        "SoundEventID": 0,
        "ColorMin": "#FFFFFFFF",
        "ColorMax": "#00000000",
        "IntensityMin": 1,
        "IntensityMax": 5,
        "RangeMin": 1,
        "RangeMax": 3,
        "DensityMin": 1,
        "DensityMax": 5,
        "DensityAmountMin": 0,
        "DensityAmountMax": 5,
        "Duration": 30,
        "EffectVolume": {
          "Enabled": false,
          "Contents": "Infection",
          "Modification": "Inflict",
          "Scale": 1
        },
        "Name": "Fog 1"
      }
    ],
    "Explosion": [
      {
        "Damage": "15%",
        "EnemyDamageMulti": 0.5,
        "MinRange": 2,
        "MaxRange": 5,
        "NoiseMinRange": 5,
        "NoiseMaxRange": 10,
        "NoiseType": "Detectable",
        "Name": "Explosion-Small"
      }
    ],
    "SpawnEnemy": [
      {
        "StopAgent": false,
        "Delay": 0,
        "EnemyID": 0,
        "AgentMode": "Agressive",
        "TotalCount": 0,
        "CountPerSpawn": 0,
        "DelayPerSpawn": 0,
        "Name": "SpawnEnemy"
      }
    ],
    "EMP": [
      {
        "ChargeUpSoundId": 0, //SoundID when Chargeup
        "ActivateSoundId": 0, //SoundID when Activate
        "ChargeUpAnimation": "AbilityUse",
        "ActivateAnimation": "AbilityUseOut",
        "ChargeUpDuration": 3, //Chargeup Animation Duration
        "EffectDuration": 30.0, //EMP Effect Duration
        "EffectRange": 20.0, //EMP Effect Range
        "InvincibleWhileCharging": true, //Literally
        "BuildupColor": "#FFFFFFFF", //Chargeup Color
        "ScreamColor": "#FFFFFFFF", //Screaming Color
        "Name": "EMP 30sec"
      }
    ]
  }
}